team,group,elo,offset,manual,odds_decimal,market_implied,edge_pure,ev_pure,edge_blend,ev_blend,kelly_blend,pure_group_win,pure_r32,pure_r16,pure_qf,pure_sf,pure_final,pure_champion,blend_group_win,blend_r32,blend_r16,blend_qf,blend_sf,blend_final,blend_champion,market_group_win,market_r32,market_r16,market_qf,market_sf,market_final,market_champion
France,I,2134,-93.4,0.0,4.5,0.19583204447520386,0.06212795552479616,0.16082000000000019,0.05258795552479614,0.11789000000000005,0.03368285714285716,1.0,1.0,1.0,0.85634,0.72662,0.43814,0.25796,1.0,1.0,1.0,0.84778,0.69236,0.42554,0.24842,1.0,1.0,1.0,0.87708,0.68174,0.41058,0.23488
Argentina,J,2148,-95.9,0.0,5.0,0.17469491553022592,0.07866508446977405,0.2667999999999999,0.05780508446977409,0.1625000000000001,0.04062500000000002,1.0,1.0,0.95224,0.85426,0.6357,0.44122,0.25336,1.0,1.0,0.91422,0.79476,0.60434,0.39668,0.2325,1.0,1.0,0.88866,0.74294,0.56962,0.3508,0.20476
Spain,H,2144,-121.0,0.0,8.0,0.10495511715728233,0.11176488284271767,0.73376,0.06280488284271767,0.34207999999999994,0.04886857142857142,1.0,1.0,1.0,0.745,0.59418,0.35786,0.21672,1.0,1.0,1.0,0.65988,0.49398,0.28976,0.16776,1.0,1.0,1.0,0.56492,0.38978,0.2189,0.11966
England,L,2046,2.8,0.0,8.0,0.10495511715728233,-0.047755117157282326,-0.5424,-0.010715117157282322,-0.24607999999999997,0.0,1.0,1.0,1.0,0.50482,0.28726,0.13092,0.0572,1.0,1.0,1.0,0.55852,0.34098,0.18288,0.09424,1.0,1.0,1.0,0.54442,0.35146,0.21526,0.12628
Brazil,C,2031,-70.1,0.0,13.0,0.06200513171742204,0.001674868282577957,-0.17215999999999998,0.006654868282577955,-0.10742000000000007,0.0,1.0,1.0,1.0,0.63596,0.35036,0.15206,0.06368,1.0,1.0,1.0,0.62202,0.32334,0.15124,0.06866,1.0,1.0,1.0,0.63854,0.3216,0.16022,0.07434
Portugal,K,1990,23.2,0.0,14.0,0.05721867127589623,-0.03915867127589623,-0.74716,-0.020098671275896228,-0.48031999999999997,0.0,0.0,1.0,0.61664,0.17812,0.1098,0.04464,0.01806,0.0,1.0,0.6684,0.25644,0.16634,0.07972,0.03712,0.0,1.0,0.6941,0.33814,0.22978,0.12482,0.06636
Colombia,K,2004,-123.2,0.0,36.0,0.020553575171045137,0.024206424828954864,0.6113600000000001,0.01204642482895486,0.17359999999999998,0.004959999999999999,1.0,1.0,0.92362,0.6201,0.2332,0.11752,0.04476,1.0,1.0,0.83224,0.52198,0.19796,0.08852,0.0326,1.0,1.0,0.7706,0.43886,0.16304,0.06402,0.02206
Norway,I,1934,-24.6,0.0,36.0,0.020553575171045137,-0.005753575171045137,-0.46719999999999995,0.0015464248289548642,-0.20439999999999992,0.0,0.0,1.0,1.0,0.36404,0.15268,0.04884,0.0148,0.0,1.0,1.0,0.37798,0.15938,0.06066,0.0221,0.0,1.0,1.0,0.36146,0.15764,0.06868,0.02736
United States,D,1798,6.7,0.0,31.0,0.024170552533558466,-0.012670552533558466,-0.6435,-0.0036105525335584678,-0.3626400000000001,0.0,1.0,1.0,1.0,0.48304,0.12224,0.03826,0.0115,1.0,1.0,1.0,0.51508,0.1589,0.0583,0.02056,1.0,1.0,1.0,0.50438,0.18264,0.07558,0.03008
Mexico,A,1943,-91.9,0.0,51.0,0.014089817586096825,0.0061901824139031746,0.034279999999999866,0.0052901824139031765,-0.011619999999999964,0.0,1.0,1.0,1.0,0.49518,0.2097,0.06896,0.02028,1.0,1.0,1.0,0.44148,0.1763,0.06204,0.01938,1.0,1.0,1.0,0.45558,0.1693,0.06248,0.01944
Belgium,G,1910,-50.3,0.0,51.0,0.014089817586096825,-0.0011098175860968246,-0.33802,0.0005501824139031754,-0.25336000000000003,0.0,1.0,1.0,1.0,0.51696,0.1357,0.04306,0.01298,1.0,1.0,1.0,0.48492,0.13912,0.0464,0.01464,1.0,1.0,1.0,0.49562,0.14886,0.05176,0.01706
Morocco,C,1886,-51.3,0.0,46.0,0.015757389706348168,-0.005397389706348168,-0.52344,-0.002677389706348168,-0.39832,0.0,0.0,1.0,1.0,0.52918,0.13212,0.03762,0.01036,0.0,1.0,1.0,0.56596,0.1502,0.04538,0.01308,0.0,1.0,1.0,0.66906,0.18018,0.0572,0.01744
Switzerland,B,1914,-63.0,0.0,71.0,0.009843282273053445,-0.001383282273053444,-0.3993399999999999,0.0014767177269465557,-0.19628,0.0,1.0,1.0,0.67734,0.28202,0.07652,0.02922,0.00846,1.0,1.0,0.63576,0.31256,0.09672,0.03506,0.01132,1.0,1.0,0.63446,0.34638,0.11692,0.041,0.01362
Paraguay,D,1823,0.0,0.0,451.0,0.0013265846777846012,0.001873415322215399,0.44320000000000004,0.0035534153222153983,1.2008799999999997,0.002668622222222222,0.0,1.0,1.0,0.14366,0.07032,0.01614,0.0032,0.0,1.0,1.0,0.15222,0.07482,0.02048,0.00488,0.0,1.0,1.0,0.12292,0.06042,0.01884,0.0052
Canada,B,1764,38.9,0.0,151.0,0.004343861626011747,-0.002343861626011747,-0.698,-6.38616260117469e-05,-0.35372000000000003,0.0,0.0,1.0,1.0,0.47082,0.07094,0.01266,0.002,0.0,1.0,1.0,0.43404,0.08262,0.02012,0.00428,0.0,1.0,1.0,0.33094,0.07766,0.02374,0.0062
Croatia,L,1905,-17.7,0.0,121.0,0.005522715107737249,-0.0026427151077372487,-0.65152,-0.0013827151077372493,-0.49906000000000006,0.0,0.0,1.0,0.38336,0.07688,0.03808,0.01162,0.00288,0.0,1.0,0.3316,0.08368,0.04166,0.0143,0.00414,0.0,1.0,0.3059,0.09694,0.04894,0.01858,0.00642
Australia,D,1800,0.0,0.0,201.0,0.003185781783784841,-0.002245781783784841,-0.81106,-0.0013857817837848408,-0.6382,0.0,0.0,1.0,0.58164,0.08306,0.0247,0.00542,0.00094,0.0,1.0,0.51404,0.10056,0.03768,0.00962,0.0018,0.0,1.0,0.4484,0.11064,0.0483,0.0139,0.00346
Algeria,J,1785,0.0,0.0,501.0,0.0011836842945123687,-0.0006636842945123687,-0.73948,0.00047631570548763136,-0.16834000000000005,0.0,0.0,1.0,0.32266,0.08578,0.01514,0.00328,0.00052,0.0,1.0,0.36424,0.13566,0.03084,0.00728,0.00166,0.0,1.0,0.36554,0.17026,0.04748,0.01242,0.0034
Egypt,G,1742,0.0,0.0,251.0,0.0025039706454979146,-0.0021839706454979146,-0.91968,-0.0016839706454979146,-0.79418,0.0,0.0,1.0,0.41836,0.04848,0.01186,0.00228,0.00032,0.0,1.0,0.48596,0.07846,0.02488,0.0051,0.00082,0.0,1.0,0.5516,0.11148,0.04164,0.00968,0.00186
Cape Verde,H,1622,0.0,0.0,1001.0,0.0005589511455032528,-0.0005389511455032528,-0.97998,-0.0005189511455032528,-0.95996,0.0,0.0,1.0,0.04776,0.0142,0.00192,0.00024,2e-05,0.0,1.0,0.08578,0.02622,0.0048,0.00068,4e-05,0.0,1.0,0.11134,0.03494,0.00788,0.00104,8e-05
Czechia,A,1680,0.0,0.0,251.0,0.0025039706454979146,-0.0025039706454979146,-1.0,-0.0025039706454979146,-1.0,0.0,0.0,0.0,0.0,0.0,0.0,0.0,0.0,0.0,0.0,0.0,0.0,0.0,0.0,0.0,0.0,0.0,0.0,0.0,0.0,0.0,0.0
South Africa,A,1559,0.0,0.0,1001.0,0.0005589511455032528,-0.0005589511455032528,-1.0,-0.0005589511455032528,-1.0,0.0,0.0,1.0,0.0,0.0,0.0,0.0,0.0,0.0,1.0,0.0,0.0,0.0,0.0,0.0,0.0,1.0,0.0,0.0,0.0,0.0,0.0
South Korea,A,1723,0.0,0.0,251.0,0.0025039706454979146,-0.0025039706454979146,-1.0,-0.0025039706454979146,-1.0,0.0,0.0,0.0,0.0,0.0,0.0,0.0,0.0,0.0,0.0,0.0,0.0,0.0,0.0,0.0,0.0,0.0,0.0,0.0,0.0,0.0,0.0
Bosnia-Herzegovina,B,1605,0.0,0.0,501.0,0.0011836842945123687,-0.0011836842945123687,-1.0,-0.0011836842945123687,-1.0,0.0,0.0,1.0,0.0,0.0,0.0,0.0,0.0,0.0,1.0,0.0,0.0,0.0,0.0,0.0,0.0,1.0,0.0,0.0,0.0,0.0,0.0
Qatar,B,1411,0.0,0.0,1001.0,0.0005589511455032528,-0.0005589511455032528,-1.0,-0.0005589511455032528,-1.0,0.0,0.0,0.0,0.0,0.0,0.0,0.0,0.0,0.0,0.0,0.0,0.0,0.0,0.0,0.0,0.0,0.0,0.0,0.0,0.0,0.0,0.0
Haiti,C,1517,0.0,0.0,2501.0,0.0002071421712055369,-0.0002071421712055369,-1.0,-0.0002071421712055369,-1.0,0.0,0.0,0.0,0.0,0.0,0.0,0.0,0.0,0.0,0.0,0.0,0.0,0.0,0.0,0.0,0.0,0.0,0.0,0.0,0.0,0.0,0.0
Scotland,C,1745,0.0,0.0,251.0,0.0025039706454979146,-0.0025039706454979146,-1.0,-0.0025039706454979146,-1.0,0.0,0.0,0.0,0.0,0.0,0.0,0.0,0.0,0.0,0.0,0.0,0.0,0.0,0.0,0.0,0.0,0.0,0.0,0.0,0.0,0.0,0.0
Turkey,D,1852,200.0,0.0,67.0,0.010481904761459429,-0.010481904761459429,-1.0,-0.010481904761459429,-1.0,0.0,0.0,0.0,0.0,0.0,0.0,0.0,0.0,0.0,0.0,0.0,0.0,0.0,0.0,0.0,0.0,0.0,0.0,0.0,0.0,0.0,0.0
Curacao,E,1438,0.0,0.0,2501.0,0.0002071421712055369,-0.0002071421712055369,-1.0,-0.0002071421712055369,-1.0,0.0,0.0,0.0,0.0,0.0,0.0,0.0,0.0,0.0,0.0,0.0,0.0,0.0,0.0,0.0,0.0,0.0,0.0,0.0,0.0,0.0,0.0
Ecuador,E,1871,200.0,0.0,126.0,0.0052855404278571265,-0.0052855404278571265,-1.0,-0.0052855404278571265,-1.0,0.0,0.0,1.0,0.0,0.0,0.0,0.0,0.0,0.0,1.0,0.0,0.0,0.0,0.0,0.0,0.0,1.0,0.0,0.0,0.0,0.0,0.0
Germany,E,1908,200.0,0.0,19.0,0.041092709449615336,-0.041092709449615336,-1.0,-0.041092709449615336,-1.0,0.0,1.0,1.0,0.0,0.0,0.0,0.0,0.0,1.0,1.0,0.0,0.0,0.0,0.0,0.0,1.0,1.0,0.0,0.0,0.0,0.0,0.0
Ivory Coast,E,1727,200.0,0.0,151.0,0.004343861626011747,-0.004343861626011747,-1.0,-0.004343861626011747,-1.0,0.0,0.0,1.0,0.0,0.0,0.0,0.0,0.0,0.0,1.0,0.0,0.0,0.0,0.0,0.0,0.0,1.0,0.0,0.0,0.0,0.0,0.0
Japan,F,1888,200.0,0.0,56.0,0.012731322328132105,-0.012731322328132105,-1.0,-0.012731322328132105,-1.0,0.0,0.0,1.0,0.0,0.0,0.0,0.0,0.0,0.0,1.0,0.0,0.0,0.0,0.0,0.0,0.0,1.0,0.0,0.0,0.0,0.0,0.0
Netherlands,F,1971,200.0,0.0,16.0,0.04950755633594823,-0.04950755633594823,-1.0,-0.04950755633594823,-1.0,0.0,1.0,1.0,0.0,0.0,0.0,0.0,0.0,1.0,1.0,0.0,0.0,0.0,0.0,0.0,1.0,1.0,0.0,0.0,0.0,0.0,0.0
Sweden,F,1731,0.0,0.0,201.0,0.003185781783784841,-0.003185781783784841,-1.0,-0.003185781783784841,-1.0,0.0,0.0,1.0,0.0,0.0,0.0,0.0,0.0,0.0,1.0,0.0,0.0,0.0,0.0,0.0,0.0,1.0,0.0,0.0,0.0,0.0,0.0
Tunisia,F,1562,0.0,0.0,501.0,0.0011836842945123687,-0.0011836842945123687,-1.0,-0.0011836842945123687,-1.0,0.0,0.0,0.0,0.0,0.0,0.0,0.0,0.0,0.0,0.0,0.0,0.0,0.0,0.0,0.0,0.0,0.0,0.0,0.0,0.0,0.0,0.0
Iran,G,1764,0.0,0.0,501.0,0.0011836842945123687,-0.0011836842945123687,-1.0,-0.0011836842945123687,-1.0,0.0,0.0,0.0,0.0,0.0,0.0,0.0,0.0,0.0,0.0,0.0,0.0,0.0,0.0,0.0,0.0,0.0,0.0,0.0,0.0,0.0,0.0
New Zealand,G,1534,0.0,0.0,1001.0,0.0005589511455032528,-0.0005589511455032528,-1.0,-0.0005589511455032528,-1.0,0.0,0.0,0.0,0.0,0.0,0.0,0.0,0.0,0.0,0.0,0.0,0.0,0.0,0.0,0.0,0.0,0.0,0.0,0.0,0.0,0.0,0.0
Saudi Arabia,H,1596,0.0,0.0,1001.0,0.0005589511455032528,-0.0005589511455032528,-1.0,-0.0005589511455032528,-1.0,0.0,0.0,0.0,0.0,0.0,0.0,0.0,0.0,0.0,0.0,0.0,0.0,0.0,0.0,0.0,0.0,0.0,0.0,0.0,0.0,0.0,0.0
Uruguay,H,1841,200.0,0.0,67.0,0.010481904761459429,-0.010481904761459429,-1.0,-0.010481904761459429,-1.0,0.0,0.0,0.0,0.0,0.0,0.0,0.0,0.0,0.0,0.0,0.0,0.0,0.0,0.0,0.0,0.0,0.0,0.0,0.0,0.0,0.0,0.0
Iraq,I,1561,0.0,0.0,1001.0,0.0005589511455032528,-0.0005589511455032528,-1.0,-0.0005589511455032528,-1.0,0.0,0.0,0.0,0.0,0.0,0.0,0.0,0.0,0.0,0.0,0.0,0.0,0.0,0.0,0.0,0.0,0.0,0.0,0.0,0.0,0.0,0.0
Senegal,I,1816,200.0,0.0,151.0,0.004343861626011747,-0.004343861626011747,-1.0,-0.004343861626011747,-1.0,0.0,0.0,1.0,0.0,0.0,0.0,0.0,0.0,0.0,1.0,0.0,0.0,0.0,0.0,0.0,0.0,1.0,0.0,0.0,0.0,0.0,0.0
Austria,J,1836,0.0,0.0,201.0,0.003185781783784841,-0.003185781783784841,-1.0,-0.003185781783784841,-1.0,0.0,0.0,1.0,0.0,0.0,0.0,0.0,0.0,0.0,1.0,0.0,0.0,0.0,0.0,0.0,0.0,1.0,0.0,0.0,0.0,0.0,0.0
Jordan,J,1628,0.0,0.0,1001.0,0.0005589511455032528,-0.0005589511455032528,-1.0,-0.0005589511455032528,-1.0,0.0,0.0,0.0,0.0,0.0,0.0,0.0,0.0,0.0,0.0,0.0,0.0,0.0,0.0,0.0,0.0,0.0,0.0,0.0,0.0,0.0,0.0
DR Congo,K,1704,0.0,0.0,1000.0,0.0005595571029905712,-0.0005595571029905712,-1.0,-0.0005595571029905712,-1.0,0.0,0.0,1.0,0.0,0.0,0.0,0.0,0.0,0.0,1.0,0.0,0.0,0.0,0.0,0.0,0.0,1.0,0.0,0.0,0.0,0.0,0.0
Uzbekistan,K,1631,0.0,0.0,1001.0,0.0005589511455032528,-0.0005589511455032528,-1.0,-0.0005589511455032528,-1.0,0.0,0.0,0.0,0.0,0.0,0.0,0.0,0.0,0.0,0.0,0.0,0.0,0.0,0.0,0.0,0.0,0.0,0.0,0.0,0.0,0.0,0.0
Ghana,L,1575,0.0,0.0,401.0,0.0015068030650879226,-0.0015068030650879226,-1.0,-0.0015068030650879226,-1.0,0.0,0.0,1.0,0.07638,0.0121,0.00096,4e-05,0.0,0.0,1.0,0.16776,0.0298,0.00278,0.00024,0.0,0.0,1.0,0.2294,0.0445,0.00512,0.0005,4e-05
Panama,L,1658,0.0,0.0,1001.0,0.0005589511455032528,-0.0005589511455032528,-1.0,-0.0005589511455032528,-1.0,0.0,0.0,0.0,0.0,0.0,0.0,0.0,0.0,0.0,0.0,0.0,0.0,0.0,0.0,0.0,0.0,0.0,0.0,0.0,0.0,0.0,0.0
