match,date_utc,venue,group,round,home,away,played,rot_home,rot_away,pure_home_win,pure_draw,pure_away_win,blend_home_win,blend_draw,blend_away_win,market_home_win,market_draw,market_away_win,blend_fair_1,blend_fair_X,blend_fair_2
1,2026-06-11 19:00:00Z,Mexico City,A,1,Mexico,South Africa,2-0,0,0,0.8678,0.1218,0.0103,0.9135,0.0816,0.005,0.9445,0.0505,0.005,1.09,12.25,200.0
2,2026-06-12 02:00:00Z,Guadalajara,A,1,South Korea,Czechia,2-1,0,0,0.451,0.2663,0.2828,0.451,0.2663,0.2828,0.451,0.2663,0.2828,2.22,3.76,3.54
3,2026-06-12 19:00:00Z,Toronto,B,1,Canada,Bosnia-Herzegovina,1-1,0,0,0.6208,0.2368,0.1424,0.736,0.1969,0.0671,0.8241,0.1511,0.0248,1.36,5.08,14.9
4,2026-06-13 01:00:00Z,Los Angeles,D,1,United States,Paraguay,4-1,0,0,0.4173,0.2686,0.3141,0.5609,0.2507,0.1883,0.6875,0.2161,0.0964,1.78,3.99,5.31
8,2026-06-13 19:00:00Z,San Francisco Bay Area,B,1,Qatar,Switzerland,1-1,0,0,0.005,0.1021,0.8929,0.005,0.0661,0.9289,0.005,0.0395,0.9555,200.0,15.13,1.08
7,2026-06-13 22:00:00Z,New York/New Jersey,C,1,Brazil,Morocco,1-1,0,0,0.5061,0.26,0.2339,0.5061,0.26,0.2339,0.5061,0.26,0.2339,1.98,3.85,4.28
5,2026-06-14 01:00:00Z,Boston,C,1,Haiti,Scotland,0-1,0,0,0.1405,0.2361,0.6234,0.1405,0.2361,0.6234,0.1405,0.2361,0.6234,7.12,4.24,1.6
6,2026-06-14 04:00:00Z,BC Place Vancouver,D,1,Australia,Turkey,2-0,0,0,0.3535,0.2699,0.3765,0.2205,0.2577,0.5218,0.1184,0.2271,0.6545,4.54,3.88,1.92
10,2026-06-14 17:00:00Z,Houston,E,1,Germany,Curacao,7-1,0,0,0.8365,0.1433,0.0202,0.895,0.1,0.005,0.9308,0.0642,0.005,1.12,10.0,200.0
11,2026-06-14 20:00:00Z,Dallas,F,1,Netherlands,Japan,2-2,0,0,0.4714,0.2643,0.2643,0.4714,0.2643,0.2643,0.4714,0.2643,0.2643,2.12,3.78,3.78
9,2026-06-14 23:00:00Z,Philadelphia,E,1,Ivory Coast,Ecuador,1-0,0,0,0.2158,0.2568,0.5274,0.2158,0.2568,0.5274,0.2158,0.2568,0.5274,4.63,3.89,1.9
12,2026-06-15 02:00:00Z,Monterrey,F,1,Sweden,Tunisia,5-1,0,0,0.6759,0.2201,0.1039,0.6759,0.2201,0.1039,0.6759,0.2201,0.1039,1.48,4.54,9.62
14,2026-06-15 16:00:00Z,Atlanta,H,1,Spain,Cape Verde,0-0,0,0,0.9533,0.0417,0.005,0.9258,0.0692,0.005,0.888,0.1066,0.0054,1.08,14.45,200.0
16,2026-06-15 19:00:00Z,Seattle,G,1,Belgium,Egypt,1-1,0,0,0.6771,0.2197,0.1032,0.7799,0.176,0.0441,0.856,0.1302,0.0138,1.28,5.68,22.68
13,2026-06-15 22:00:00Z,Miami,H,1,Saudi Arabia,Uruguay,1-1,0,0,0.0979,0.2169,0.6852,0.0412,0.1728,0.786,0.0124,0.1271,0.8605,24.27,5.79,1.27
15,2026-06-16 01:00:00Z,Los Angeles,G,1,Iran,New Zealand,2-2,0,0,0.6335,0.2333,0.1332,0.6335,0.2333,0.1332,0.6335,0.2333,0.1332,1.58,4.29,7.51
17,2026-06-16 19:00:00Z,New York/New Jersey,I,1,France,Senegal,3-1,0,0,0.7548,0.1884,0.0568,0.7548,0.1884,0.0568,0.7548,0.1884,0.0568,1.32,5.31,17.61
18,2026-06-16 22:00:00Z,Boston,I,1,Iraq,Norway,1-4,0,0,0.0272,0.1548,0.818,0.0065,0.1103,0.8832,0.005,0.0726,0.9224,153.85,9.07,1.13
19,2026-06-17 01:00:00Z,Kansas City,J,1,Argentina,Algeria,3-0,0,0,0.858,0.1289,0.0132,0.9076,0.0875,0.005,0.9402,0.0548,0.005,1.1,11.43,200.0
20,2026-06-17 04:00:00Z,San Francisco Bay Area,J,1,Austria,Jordan,3-1,0,0,0.6724,0.2213,0.1063,0.6724,0.2213,0.1063,0.6724,0.2213,0.1063,1.49,4.52,9.41
23,2026-06-17 17:00:00Z,Houston,K,1,Portugal,DR Congo,1-1,0,0,0.7587,0.1866,0.0548,0.8407,0.1405,0.0187,0.8974,0.0976,0.005,1.19,7.12,53.48
22,2026-06-17 20:00:00Z,Dallas,L,1,England,Croatia,4-2,0,0,0.6593,0.2256,0.1151,0.6593,0.2256,0.1151,0.6593,0.2256,0.1151,1.52,4.43,8.69
21,2026-06-17 23:00:00Z,Toronto,L,1,Ghana,Panama,1-0,0,0,0.2426,0.2614,0.496,0.2426,0.2614,0.496,0.2426,0.2614,0.496,4.12,3.83,2.02
24,2026-06-18 02:00:00Z,Mexico City,K,1,Uzbekistan,Colombia,1-3,0,0,0.0339,0.164,0.8021,0.0092,0.1188,0.8719,0.005,0.0795,0.9155,108.7,8.42,1.15
25,2026-06-18 16:00:00Z,Atlanta,A,2,Czechia,South Africa,1-1,0,0,0.5046,0.2602,0.2351,0.5046,0.2602,0.2351,0.5046,0.2602,0.2351,1.98,3.84,4.25
26,2026-06-18 19:00:00Z,Los Angeles,B,2,Switzerland,Bosnia-Herzegovina,4-1,0,0,0.7421,0.1942,0.0637,0.8286,0.1483,0.0231,0.8905,0.1045,0.005,1.21,6.74,43.29
27,2026-06-18 22:00:00Z,BC Place Vancouver,B,2,Canada,Qatar,6-0,0,0,0.8286,0.1483,0.0231,0.8905,0.1045,0.005,0.9274,0.0676,0.005,1.12,9.57,200.0
28,2026-06-19 01:00:00Z,Guadalajara,A,2,Mexico,South Korea,1-0,0,0,0.746,0.1924,0.0615,0.8315,0.1465,0.022,0.8921,0.1029,0.005,1.2,6.83,45.45
32,2026-06-19 19:00:00Z,Seattle,D,2,United States,Australia,2-0,0,0,0.4685,0.2646,0.2669,0.6079,0.2402,0.1519,0.7257,0.2013,0.073,1.65,4.16,6.58
30,2026-06-19 22:00:00Z,Boston,C,2,Scotland,Morocco,0-1,0,0,0.166,0.2446,0.5894,0.0819,0.2073,0.7108,0.0325,0.1622,0.8054,12.21,4.82,1.41
29,2026-06-20 00:30:00Z,Philadelphia,C,2,Brazil,Haiti,3-0,0,0,0.8623,0.1258,0.0119,0.9102,0.0848,0.005,0.9421,0.0529,0.005,1.1,11.79,200.0
31,2026-06-20 03:00:00Z,San Francisco Bay Area,D,2,Turkey,Paraguay,0-1,0,0,0.3266,0.2692,0.4042,0.4714,0.2643,0.2643,0.6105,0.2395,0.15,2.12,3.78,3.78
35,2026-06-20 17:00:00Z,Houston,F,2,Netherlands,Sweden,5-1,0,0,0.6629,0.2244,0.1126,0.769,0.1815,0.0495,0.8482,0.1356,0.0162,1.3,5.51,20.2
33,2026-06-20 20:00:00Z,Toronto,E,2,Germany,Ivory Coast,2-1,0,0,0.5732,0.2482,0.1785,0.5732,0.2482,0.1785,0.5732,0.2482,0.1785,1.74,4.03,5.6
34,2026-06-21 00:00:00Z,Kansas City,E,2,Ecuador,Curacao,0-0,0,0,0.8118,0.1585,0.0298,0.8788,0.1137,0.0075,0.9201,0.0749,0.005,1.14,8.8,133.33
36,2026-06-21 04:00:00Z,Monterrey,F,2,Tunisia,Japan,0-4,0,0,0.0288,0.1571,0.8141,0.0071,0.1124,0.8805,0.005,0.0743,0.9207,140.85,8.9,1.14
38,2026-06-21 16:00:00Z,Atlanta,H,2,Spain,Saudi Arabia,4-0,0,0,0.9483,0.0467,0.005,0.9188,0.0763,0.005,0.8765,0.1154,0.0081,1.09,13.11,200.0
39,2026-06-21 19:00:00Z,Los Angeles,G,2,Belgium,Iran,0-0,0,0,0.6581,0.226,0.1159,0.7653,0.1834,0.0514,0.8455,0.1374,0.0171,1.31,5.45,19.46
37,2026-06-21 22:00:00Z,Miami,H,2,Uruguay,Cape Verde,2-2,0,0,0.7087,0.2082,0.0832,0.8037,0.1631,0.0332,0.8731,0.118,0.0089,1.24,6.13,30.12
40,2026-06-22 01:00:00Z,BC Place Vancouver,G,2,New Zealand,Egypt,1-3,0,0,0.1481,0.2389,0.6131,0.1481,0.2389,0.6131,0.1481,0.2389,0.6131,6.75,4.19,1.63
43,2026-06-22 17:00:00Z,Dallas,J,2,Argentina,Austria,2-0,0,0,0.7808,0.1756,0.0437,0.8567,0.1298,0.0136,0.9068,0.0882,0.005,1.17,7.7,73.53
42,2026-06-22 21:00:00Z,Philadelphia,I,2,France,Iraq,3-0,0,0,0.9109,0.0841,0.005,0.9427,0.0524,0.005,0.9648,0.0302,0.005,1.06,19.08,200.0
41,2026-06-23 00:00:00Z,New York/New Jersey,I,2,Norway,Senegal,3-2,0,0,0.5582,0.2513,0.1905,0.5582,0.2513,0.1905,0.5582,0.2513,0.1905,1.79,3.98,5.25
44,2026-06-23 03:00:00Z,San Francisco Bay Area,J,2,Jordan,Algeria,1-2,0,0,0.2053,0.2546,0.5401,0.2053,0.2546,0.5401,0.2053,0.2546,0.5401,4.87,3.93,1.85
47,2026-06-23 17:00:00Z,Houston,K,2,Portugal,Uzbekistan,5-0,0,0,0.8196,0.1538,0.0266,0.8843,0.1095,0.0062,0.9235,0.0715,0.005,1.13,9.13,161.29
45,2026-06-23 20:00:00Z,Boston,L,2,England,Ghana,0-0,0,0,0.9138,0.0812,0.005,0.9448,0.0503,0.005,0.9662,0.0288,0.005,1.06,19.88,200.0
46,2026-06-23 23:00:00Z,Toronto,L,2,Panama,Croatia,0-1,0,0,0.09,0.2124,0.6976,0.0368,0.1677,0.7955,0.0105,0.1223,0.8672,27.17,5.96,1.26
48,2026-06-24 02:00:00Z,Guadalajara,K,2,Colombia,DR Congo,1-0,0,0,0.737,0.1964,0.0665,0.8248,0.1506,0.0245,0.888,0.1066,0.0054,1.21,6.64,40.82
51,2026-06-24 19:00:00Z,BC Place Vancouver,B,3,Switzerland,Canada,2-1,0,0,0.5189,0.2581,0.223,0.5189,0.2581,0.223,0.5189,0.2581,0.223,1.93,3.87,4.48
52,2026-06-24 19:00:00Z,Seattle,B,3,Bosnia-Herzegovina,Qatar,3-1,0,0,0.6521,0.2278,0.1201,0.6521,0.2278,0.1201,0.6521,0.2278,0.1201,1.53,4.39,8.33
49,2026-06-24 22:00:00Z,Miami,C,3,Scotland,Brazil,0-3,0,0,0.0838,0.2086,0.7076,0.0335,0.1636,0.8029,0.0091,0.1184,0.8725,29.85,6.11,1.25
50,2026-06-24 22:00:00Z,Atlanta,C,3,Morocco,Haiti,4-2,0,0,0.7912,0.17,0.0388,0.8642,0.1245,0.0114,0.9113,0.0837,0.005,1.16,8.03,87.72
53,2026-06-25 01:00:00Z,Mexico City,A,3,Czechia,Mexico,0-3,0,0,0.035,0.1654,0.7996,0.0097,0.1201,0.8702,0.005,0.0805,0.9145,103.09,8.33,1.15
54,2026-06-25 01:00:00Z,Monterrey,A,3,South Africa,South Korea,1-0,0,0,0.168,0.2453,0.5867,0.168,0.2453,0.5867,0.168,0.2453,0.5867,5.95,4.08,1.7
55,2026-06-25 20:00:00Z,Philadelphia,E,3,Curacao,Ivory Coast,0-2,0,0,0.0845,0.209,0.7065,0.0339,0.164,0.8021,0.0092,0.1188,0.8719,29.5,6.1,1.25
56,2026-06-25 20:00:00Z,New York/New Jersey,E,3,Ecuador,Germany,2-1,0,0,0.3182,0.2688,0.4129,0.3182,0.2688,0.4129,0.3182,0.2688,0.4129,3.14,3.72,2.42
57,2026-06-25 23:00:00Z,Dallas,F,3,Japan,Sweden,1-1,0,0,0.5691,0.2491,0.1818,0.6943,0.2136,0.0921,0.7929,0.1691,0.038,1.44,4.68,10.86
58,2026-06-25 23:00:00Z,Kansas City,F,3,Tunisia,Netherlands,1-3,0,0,0.0112,0.124,0.8648,0.005,0.0837,0.9113,0.005,0.0522,0.9428,200.0,11.95,1.1
59,2026-06-26 02:00:00Z,Los Angeles,D,3,Turkey,United States,3-2,0,0,0.2774,0.2657,0.4568,0.2774,0.2657,0.4568,0.2774,0.2657,0.4568,3.6,3.76,2.19
60,2026-06-26 02:00:00Z,San Francisco Bay Area,D,3,Paraguay,Australia,0-0,0,0,0.4159,0.2687,0.3155,0.4159,0.2687,0.3155,0.4159,0.2687,0.3155,2.4,3.72,3.17
61,2026-06-26 19:00:00Z,Boston,I,3,Norway,France,1-4,0,0,0.1569,0.2418,0.6013,0.1569,0.2418,0.6013,0.1569,0.2418,0.6013,6.37,4.14,1.66
62,2026-06-26 19:00:00Z,Toronto,I,3,Senegal,Iraq,5-0,0,0,0.6909,0.2148,0.0943,0.7904,0.1705,0.0391,0.8636,0.1249,0.0115,1.27,5.87,25.58
65,2026-06-27 00:00:00Z,Houston,H,3,Cape Verde,Saudi Arabia,0-0,0,0,0.3351,0.2695,0.3954,0.3351,0.2695,0.3954,0.3351,0.2695,0.3954,2.98,3.71,2.53
66,2026-06-27 00:00:00Z,Guadalajara,H,3,Uruguay,Spain,0-1,0,0,0.0138,0.1302,0.856,0.1032,0.2197,0.6771,0.3266,0.2692,0.4042,9.69,4.55,1.48
63,2026-06-27 03:00:00Z,Seattle,G,3,Egypt,Iran,1-1,0,0,0.3421,0.2697,0.3881,0.3421,0.2697,0.3881,0.3421,0.2697,0.3881,2.92,3.71,2.58
64,2026-06-27 03:00:00Z,BC Place Vancouver,G,3,New Zealand,Belgium,1-5,0,0,0.0192,0.1415,0.8393,0.005,0.0985,0.8965,0.005,0.0634,0.9316,200.0,10.15,1.12
67,2026-06-27 21:00:00Z,New York/New Jersey,L,3,Panama,England,0-2,0,0,0.0086,0.1171,0.8743,0.005,0.0781,0.9169,0.005,0.048,0.947,200.0,12.8,1.09
68,2026-06-27 21:00:00Z,Philadelphia,L,3,Croatia,Ghana,2-1,0,0,0.7869,0.1723,0.0408,0.8611,0.1267,0.0122,0.9094,0.0856,0.005,1.16,7.89,81.97
71,2026-06-27 23:30:00Z,Miami,K,3,Colombia,Portugal,0-0,0,0,0.3336,0.2695,0.3969,0.3336,0.2695,0.3969,0.3336,0.2695,0.3969,3.0,3.71,2.52
72,2026-06-27 23:30:00Z,Atlanta,K,3,DR Congo,Uzbekistan,3-1,0,0,0.4685,0.2646,0.2669,0.4685,0.2646,0.2669,0.4685,0.2646,0.2669,2.13,3.78,3.75
69,2026-06-28 02:00:00Z,Kansas City,J,3,Algeria,Austria,3-3,0,0,0.2278,0.259,0.5132,0.2278,0.259,0.5132,0.2278,0.259,0.5132,4.39,3.86,1.95
70,2026-06-28 02:00:00Z,Dallas,J,3,Jordan,Argentina,1-3,0,0,0.005,0.0802,0.9148,0.005,0.0496,0.9454,0.005,0.0283,0.9667,200.0,20.16,1.06
